parameter,importance
lr,0.7410757685265047
lg_alpha,0.05881264308199453
mamba_d_state,0.04778262970669043
gps_layers,0.04425352188774974
mamba_layers,0.04288783309836034
mamba_pooling,0.01375470923593938
batch_size,0.013147989336534095
mamba_d_model,0.011393056235834474
gps_dropout,0.010187065239605213
clip_grad,0.009891355307768761
sampling_config,0.005023125821008794
mamba_dropout,0.0017903025220096134
