{
  "summary": {
    "baseline": {
      "kappa_mean": 0.4573992513902878,
      "kappa_std": 0.000787140530486007,
      "mad_mean": 0.3847102165222168,
      "mad_std": 6.59591190591575e-05,
      "mape_mean": 51.773974895477295,
      "mape_std": 0.014060758190048107,
      "mse_mean": 0.2519519627094269,
      "mse_std": 5.817833173465789e-05,
      "msle_mean": 0.047867832332849504,
      "msle_std": 8.15708247834848e-06,
      "r2_mean": 0.41718146896687236,
      "r2_std": 0.00013458839897108752
    },
    "last6h": {
      "kappa_mean": 0.3900630942313511,
      "kappa_std": 0.0005663828033903389,
      "mad_mean": 0.6543142557144165,
      "mad_std": 5.4601345538890965e-05,
      "mape_mean": 65.07231712341309,
      "mape_std": 0.008092444498611259,
      "mse_mean": 0.6702998399734497,
      "mse_std": 7.355574696727137e-05,
      "msle_mean": 0.19925200045108796,
      "msle_std": 3.211932523378381e-05,
      "r2_mean": -0.5505463678128454,
      "r2_std": 0.00017013164988577317
    },
    "last24h": {
      "kappa_mean": 0.4751670685121243,
      "kappa_std": 0.001043402950985237,
      "mad_mean": 0.4054382562637329,
      "mad_std": 4.062563564719866e-05,
      "mape_mean": 52.63856887817383,
      "mape_std": 0.005025982261566386,
      "mse_mean": 0.28198633193969724,
      "mse_std": 6.670766201927312e-05,
      "msle_mean": 0.057743760943412784,
      "msle_std": 2.071806214951125e-05,
      "r2_mean": 0.3477055771995613,
      "r2_std": 0.00015428743382742756
    },
    "full48h": {
      "kappa_mean": 0.4569312510306426,
      "kappa_std": 0.000549947278393662,
      "mad_mean": 0.38471338152885437,
      "mad_std": 4.547200613431547e-05,
      "mape_mean": 51.76456570625305,
      "mape_std": 0.019409512875541636,
      "mse_mean": 0.25197534561157225,
      "mse_std": 4.616403114051565e-05,
      "msle_mean": 0.04787166938185692,
      "msle_std": 8.195346808791231e-06,
      "r2_mean": 0.41712736800841155,
      "r2_std": 0.00010679825807161809
    },
    "remove_physio": {
      "kappa_mean": 0.3911969754951382,
      "kappa_std": 0.0007716238157394834,
      "mad_mean": 0.41558240056037904,
      "mad_std": 5.776113954314767e-05,
      "mape_mean": 62.41265058517456,
      "mape_std": 0.007626864872591791,
      "mse_mean": 0.28119075298309326,
      "mse_std": 7.956467449566584e-05,
      "msle_mean": 0.05593321844935417,
      "msle_std": 1.2267330328150954e-05,
      "r2_mean": 0.34954591864000834,
      "r2_std": 0.00018404684007511247
    },
    "remove_vitals": {
      "kappa_mean": 0.4182056385918843,
      "kappa_std": 0.0007882745275552787,
      "mad_mean": 0.40171644687652586,
      "mad_std": 5.165441220771426e-05,
      "mape_mean": 54.88640904426575,
      "mape_std": 0.007519720189542441,
      "mse_mean": 0.27112516164779665,
      "mse_std": 8.554588940035997e-05,
      "msle_mean": 0.05177157893776894,
      "msle_std": 9.323644993734136e-06,
      "r2_mean": 0.3728297755034951,
      "r2_std": 0.00019789486991040966
    },
    "remove_ethnicity": {
      "kappa_mean": 0.4560922610516617,
      "kappa_std": 0.0007070967973038788,
      "mad_mean": 0.3852838337421417,
      "mad_std": 5.642686833839874e-05,
      "mape_mean": 52.470107078552246,
      "mape_std": 0.010893642376494083,
      "mse_mean": 0.25138792395591736,
      "mse_std": 5.9340802004344505e-05,
      "msle_mean": 0.04816062152385712,
      "msle_std": 9.453867372833868e-06,
      "r2_mean": 0.4184862041188371,
      "r2_std": 0.00013726043848443506
    },
    "static_only": {
      "kappa_mean": 8.921983303724623e-05,
      "kappa_std": 0.00017974906681997348,
      "mad_mean": 1.0211607813835144,
      "mad_std": 0.11187408883015172,
      "mape_mean": 80.87499260902405,
      "mape_std": 10.431858896235921,
      "mse_mean": 1.5133601903915406,
      "mse_std": 0.19779396200848645,
      "msle_mean": 0.44799221158027647,
      "msle_std": 0.0946759237475504,
      "r2_mean": -2.500724362681705,
      "r2_std": 0.45753944657171103
    },
    "no_static": {
      "kappa_mean": 0.0,
      "kappa_std": 0.0,
      "mad_mean": 0.6793558597564697,
      "mad_std": 1.3167433664524817e-05,
      "mape_mean": 54.089365005493164,
      "mape_std": 0.017442416403469146,
      "mse_mean": 0.8505777597427369,
      "mse_std": 2.042972132771807e-05,
      "msle_mean": 0.16833941638469696,
      "msle_std": 6.033231564233454e-06,
      "r2_mean": -0.967567498813364,
      "r2_std": 4.731652160624495e-05
    },
    "drop_edges_30": {
      "kappa_mean": 0.45644626704905267,
      "kappa_std": 0.000649695192168849,
      "mad_mean": 0.3846814215183258,
      "mad_std": 4.0625116409236334e-05,
      "mape_mean": 51.76104545593262,
      "mape_std": 0.015897000482420213,
      "mse_mean": 0.25198387503623965,
      "mse_std": 5.681722448875764e-05,
      "msle_mean": 0.047866109758615494,
      "msle_std": 8.120095513198027e-06,
      "r2_mean": 0.41710759821462684,
      "r2_std": 0.00013143601984201095
    },
    "drop_edges_50": {
      "kappa_mean": 0.4568626178221325,
      "kappa_std": 0.0005568679325743853,
      "mad_mean": 0.3846930146217346,
      "mad_std": 5.472484101057829e-05,
      "mape_mean": 51.83297872543335,
      "mape_std": 0.04294102417010491,
      "mse_mean": 0.2519984900951385,
      "mse_std": 7.230444920678099e-05,
      "msle_mean": 0.04787086844444275,
      "msle_std": 9.7646853518381e-06,
      "r2_mean": 0.41707384251751006,
      "r2_std": 0.0001672672490829437
    },
    "drop_edges_70": {
      "kappa_mean": 0.4573869197210376,
      "kappa_std": 0.0006430156560534939,
      "mad_mean": 0.3845983624458313,
      "mad_std": 6.290826452608604e-05,
      "mape_mean": 51.79422378540039,
      "mape_std": 0.016762109193723798,
      "mse_mean": 0.251889044046402,
      "mse_std": 9.949688528931512e-05,
      "msle_mean": 0.04785091578960419,
      "msle_std": 1.4793953207447594e-05,
      "r2_mean": 0.41732700471665785,
      "r2_std": 0.000230159897288651
    }
  },
  "raw": {
    "baseline": {
      "kappa": [
        0.4574260260948292,
        0.45753110311866163,
        0.4566197961491453,
        0.45679862396815263,
        0.4586207076206503
      ],
      "mad": [
        0.3847375810146332,
        0.3847867548465729,
        0.38470494747161865,
        0.3847152292728424,
        0.38460657000541687
      ],
      "mape": [
        51.760900020599365,
        51.780104637145996,
        51.78455114364624,
        51.756930351257324,
        51.78738832473755
      ],
      "mse": [
        0.251961350440979,
        0.2520153224468231,
        0.2519436478614807,
        0.25198012590408325,
        0.2518593668937683
      ],
      "msle": [
        0.04786917567253113,
        0.04787503555417061,
        0.04787244647741318,
        0.047868482768535614,
        0.047854021191596985
      ],
      "r2": [
        0.4171597853359441,
        0.41703485696473674,
        0.41720066990270177,
        0.4171163603109256,
        0.4173956723200535
      ]
    },
    "last6h": {
      "kappa": [
        0.38954173614458043,
        0.3902847314936604,
        0.3901845610482656,
        0.39083470902109785,
        0.38946973344915126
      ],
      "mad": [
        0.654253363609314,
        0.6542819738388062,
        0.6542957425117493,
        0.654387354850769,
        0.6543528437614441
      ],
      "mape": [
        65.066659450531,
        65.06693363189697,
        65.06675481796265,
        65.08463025093079,
        65.07660746574402
      ],
      "mse": [
        0.6701964139938354,
        0.6702487468719482,
        0.670335590839386,
        0.6703579425811768,
        0.6703605055809021
      ],
      "msle": [
        0.19920499622821808,
        0.19923335313796997,
        0.19926849007606506,
        0.19926990568637848,
        0.19928325712680817
      ],