{
  "ablation_type": "24h_window",
  "kappa": 0.4607605098201173,
  "mad": 0.4359889328479767,
  "mape": 53.3843994140625,
  "mse": 0.33494555950164795,
  "msle": 0.07572092860937119,
  "r2": 0.22519953311675578,
  "tot_loss": NaN,
  "n_samples": 9803,
  "time_seconds": 2.532935380935669
}