{
  "summary": {
    "baseline": {
      "kappa_mean": 0.4804043397912978,
      "kappa_std": 0.0007806740923972649,
      "mad_mean": 0.3845240831375122,
      "mad_std": 2.955162432390753e-05,
      "mape_mean": 51.79036498069763,
      "mape_std": 0.01676114808305108,
      "mse_mean": 0.2521708071231842,
      "mse_std": 4.279943154802279e-05,
      "msle_mean": 0.048208121210336685,
      "msle_std": 9.686655609599944e-06,
      "r2_mean": 0.416675208299643,
      "r2_std": 9.897254897469845e-05
    },
    "last6h": {
      "kappa_mean": 0.31067083266426365,
      "kappa_std": 0.0008217289952813804,
      "mad_mean": 0.7271380186080932,
      "mad_std": 0.00012965886347495107,
      "mape_mean": 66.90405249595642,
      "mape_std": 0.20356891127193696,
      "mse_mean": 0.8056887030601502,
      "mse_std": 0.0003797163275585553,
      "msle_mean": 0.24348476231098176,
      "msle_std": 0.0001580377817844521,
      "r2_mean": -0.8637295293358358,
      "r2_std": 0.0008783631809304126
    },
    "last24h": {
      "kappa_mean": 0.46039976405972294,
      "kappa_std": 0.0007903441729688717,
      "mad_mean": 0.43583638668060304,
      "mad_std": 6.382817244577455e-05,
      "mape_mean": 53.31580996513367,
      "mape_std": 0.027341473927001616,
      "mse_mean": 0.3347338676452637,
      "mse_std": 5.737448413418387e-05,
      "msle_mean": 0.0756360039114952,
      "msle_std": 2.7521915071194982e-05,
      "r2_mean": 0.22568929199806015,
      "r2_std": 0.00013272713327211762
    },
    "full48h": {
      "kappa_mean": 0.48092494267147706,
      "kappa_std": 0.0004945999768296791,
      "mad_mean": 0.38455074429512026,
      "mad_std": 4.028073228394636e-05,
      "mape_mean": 51.805254220962524,
      "mape_std": 0.01204870749386236,
      "mse_mean": 0.2521899104118347,
      "mse_std": 3.893026052394558e-05,
      "msle_mean": 0.048211117088794705,
      "msle_std": 7.720442555262284e-06,
      "r2_mean": 0.41663102101348504,
      "r2_std": 9.003833824886844e-05
    },
    "remove_physio": {
      "kappa_mean": 0.42321744942642764,
      "kappa_std": 0.0008256954225293931,
      "mad_mean": 0.41790751814842225,
      "mad_std": 2.0005535633323586e-05,
      "mape_mean": 63.23031663894653,
      "mape_std": 0.029094821670993302,
      "mse_mean": 0.2870322227478027,
      "mse_std": 3.6540809657066875e-05,
      "msle_mean": 0.056958459317684174,
      "msle_std": 7.892349947682545e-06,
      "r2_mean": 0.336033319014584,
      "r2_std": 8.453011619952367e-05
    },
    "remove_vitals": {
      "kappa_mean": 0.4317679893655013,
      "kappa_std": 0.0004812936299834014,
      "mad_mean": 0.4068897426128387,
      "mad_std": 3.5451822313899065e-05,
      "mape_mean": 55.861583948135376,
      "mape_std": 0.02210111559022984,
      "mse_mean": 0.277513200044632,
      "mse_std": 3.33682311822093e-05,
      "msle_mean": 0.05333546474575997,
      "msle_std": 6.802898464070465e-06,
      "r2_mean": 0.3580528499782388,
      "r2_std": 7.71853933595524e-05
    },
    "remove_ethnicity": {
      "kappa_mean": 0.47379832646264786,
      "kappa_std": 0.00046446390136347754,
      "mad_mean": 0.38804365396499635,
      "mad_std": 2.9102624737082853e-05,
      "mape_mean": 54.11809325218201,
      "mape_std": 0.004916461222365901,
      "mse_mean": 0.2533953547477722,
      "mse_std": 4.0697607776218507e-05,
      "msle_mean": 0.049138590693473816,
      "msle_std": 9.433939671090057e-06,
      "r2_mean": 0.4138425720011852,
      "r2_std": 9.413021053016793e-05
    },
    "static_only": {
      "kappa_mean": -0.0020995375388204616,
      "kappa_std": 0.004264631427035948,
      "mad_mean": 1.015748965740204,
      "mad_std": 0.17596727971067283,
      "mape_mean": 82.59611010551453,
      "mape_std": 14.718465423651452,
      "mse_mean": 1.526380753517151,
      "mse_std": 0.3160367670126577,
      "msle_mean": 0.459557569026947,
      "msle_std": 0.15151714740219094,
      "r2_mean": -2.530843822545307,
      "r2_std": 0.7310604480427756
    },
    "no_static": {
      "kappa_mean": 0.0,
      "kappa_std": 0.0,
      "mad_mean": 0.81891268491745,
      "mad_std": 1.1229189206920809e-05,
      "mape_mean": 62.98256874084473,
      "mape_std": 0.001620893492589562,
      "mse_mean": 1.0871581792831422,
      "mse_std": 2.1639753389220483e-05,
      "msle_mean": 0.24669719636440277,
      "msle_std": 7.428917086513226e-06,
      "r2_mean": -1.5148283401699014,
      "r2_std": 5.008746494703143e-05
    },
    "drop_edges_30": {
      "kappa_mean": 0.4806189987409845,
      "kappa_std": 0.0006346390786872592,
      "mad_mean": 0.38451815247535703,
      "mad_std": 4.637905643422286e-05,
      "mape_mean": 51.80504322052002,
      "mape_std": 0.004817886243507556,
      "mse_mean": 0.25215345025062563,
      "mse_std": 3.090651276503136e-05,
      "msle_mean": 0.04820326641201973,
      "msle_std": 5.947598573051505e-06,
      "r2_mean": 0.4167153879995169,
      "r2_std": 7.148404540199432e-05
    },
    "drop_edges_50": {
      "kappa_mean": 0.48014996108100966,
      "kappa_std": 0.0003848062216380259,
      "mad_mean": 0.38453513383865356,
      "mad_std": 3.390530596687017e-05,
      "mape_mean": 51.78287863731384,
      "mape_std": 0.030473025649193238,
      "mse_mean": 0.25218992829322817,
      "mse_std": 4.111966400016472e-05,
      "msle_mean": 0.04820883497595787,
      "msle_std": 1.0861044606118795e-05,
      "r2_mean": 0.4166309800884599,
      "r2_std": 9.511985489277188e-05
    },
    "drop_edges_70": {
      "kappa_mean": 0.47960054069207025,
      "kappa_std": 0.0005708309679933685,
      "mad_mean": 0.38454994559288025,
      "mad_std": 3.945604072934759e-05,
      "mape_mean": 51.83466911315918,
      "mape_std": 0.006559343701403286,
      "mse_mean": 0.2521429479122162,
      "mse_std": 1.8928341583116826e-05,
      "msle_mean": 0.04821038395166397,
      "msle_std": 3.5330972140641106e-06,
      "r2_mean": 0.41673965485313247,
      "r2_std": 4.3789947417692405e-05
    }
  },
  "raw": {
    "baseline": {
      "kappa": [
        0.4816257227275169,
        0.480262150983516,
        0.48023396503118476,
        0.480441768667647,
        0.47945809154662455
      ],
      "mad": [
        0.3845169246196747,
        0.38456547260284424,
        0.38448366522789,
        0.3845210075378418,
        0.3845333456993103
      ],
      "mape": [
        51.80647373199463,
        51.78670287132263,
        51.76949501037598,
        51.78079605102539,
        51.80835723876953
      ],
      "mse": [
        0.252152681350708,
        0.2522437274456024,
        0.25216832756996155,
        0.25213226675987244,
        0.2521570324897766
      ],
      "msle": [
        0.04820237681269646,
        0.04822481423616409,
        0.048206888139247894,
        0.04820052906870842,
        0.04820599779486656
      ],
      "r2": [
        0.4167171237906969,
        0.4165065915135576,
        0.41668095165706287,
        0.4167643694525711,
        0.4167070050843267
      ]
    },
    "last6h": {
      "kappa": [
        0.311415553897726,
        0.3099985654408398,
        0.310018814706735,
        0.3102185477171957,
        0.31170268155882175
      ],
      "mad": [
        0.7272903919219971,
        0.7271651029586792,
        0.7271739840507507,
        0.7271272540092468,
        0.7269333600997925
      ],
      "mape": [
        66.89326763153076,
        67.07839369773865,
        66.9296145439148,
        67.05106496810913,
        66.56792163848877
      ],
      "mse": [
        0.8058726787567139,
        0.8057659864425659,
        0.8061387538909912,
        0.8055347800254822,
        0.8051313161849976
      ],
      "msle": [
        0.24351894855499268,
        0.24349969625473022,
        0.24368377029895782,
        0.24347928166389465,
        0.24324211478233337
      ],