{
  "baseline": {
    "ablation_type": "baseline",
    "kappa": 0.47981284227461907,
    "mad": 0.38449808955192566,
    "mape": 51.803356409072876,
    "mse": 0.2521441876888275,
    "msle": 0.0482046939432621,
    "r2": 0.41673683204994305,
    "tot_loss": NaN,
    "n_samples": 9803,
    "time_seconds": 3.6131725311279297
  },
  "last6h": {
    "ablation_type": "last6h",
    "kappa": 0.31056379541357315,
    "mad": 0.7270914912223816,
    "mape": 67.05793738365173,
    "mse": 0.8054858446121216,
    "msle": 0.2433960735797882,
    "r2": -0.8632603545999495,
    "tot_loss": NaN,
    "n_samples": 9803,
    "time_seconds": 2.4708080291748047
  },
  "last24h": {
    "ablation_type": "last24h",
    "kappa": 0.4607501272733211,
    "mad": 0.435921847820282,
    "mape": 53.36077809333801,
    "mse": 0.3347699046134949,
    "msle": 0.07567983865737915,
    "r2": 0.2256058532862687,
    "tot_loss": NaN,
    "n_samples": 9803,
    "time_seconds": 2.5177414417266846
  },
  "full48h": {
    "ablation_type": "full48h",
    "kappa": 0.4791731824602511,
    "mad": 0.3845162093639374,
    "mape": 51.81022882461548,
    "mse": 0.2521955370903015,
    "msle": 0.0482163242995739,
    "r2": 0.4166179179361632,
    "tot_loss": NaN,
    "n_samples": 9803,
    "time_seconds": 2.513514757156372
  },
  "remove_physio": {
    "error": "'feature_groups'"
  },
  "remove_vitals": {
    "error": "'feature_groups'"
  },
  "remove_diag_codes": {
    "error": "'feature_groups'"
  },
  "edge_type_only": {
    "ablation_type": "edge_type_only",
    "kappa": 0.4806165478993357,
    "mad": 0.38453030586242676,
    "mape": 51.81099772453308,
    "mse": 0.25214600563049316,
    "msle": 0.04820522665977478,
    "r2": 0.41673252899430757,
    "tot_loss": NaN,
    "n_samples": 9803,
    "time_seconds": 2.4836478233337402
  },
  "edge_weight_only": {
    "ablation_type": "edge_weight_only",
    "kappa": 0.4802775451533362,
    "mad": 0.3845537006855011,
    "mape": 51.765841245651245,
    "mse": 0.2521970868110657,
    "msle": 0.048211369663476944,
    "r2": 0.4166143752336452,
    "tot_loss": NaN,
    "n_samples": 9803,
    "time_seconds": 2.5141124725341797
  },
  "no_attn_bias": {
    "ablation_type": "no_attn_bias",
    "kappa": 0.4799295202933286,
    "mad": 0.3844923675060272,
    "mape": 51.80932283401489,
    "mse": 0.2521383762359619,
    "msle": 0.04820087552070618,
    "r2": 0.4167502269615142,
    "tot_loss": NaN,
    "n_samples": 9803,
    "time_seconds": 2.4924943447113037
  },
  "no_edge_attr": {
    "ablation_type": "no_edge_attr",
    "kappa": 0.47985622451019505,
    "mad": 0.38450324535369873,
    "mape": 51.81230902671814,
    "mse": 0.25213247537612915,
    "msle": 0.048201579600572586,
    "r2": 0.4167638504662965,
    "tot_loss": NaN,
    "n_samples": 9803,
    "time_seconds": 2.488417625427246
  },
  "drop_edges_30": {
    "ablation_type": "drop_edges_30",
    "kappa": 0.47942633362280895,
    "mad": 0.38452473282814026,
    "mape": 51.80755257606506,
    "mse": 0.25215381383895874,
    "msle": 0.048205483704805374,
    "r2": 0.4167144713120263,
    "tot_loss": NaN,
    "n_samples": 9803,
    "time_seconds": 2.589308977127075
  },
  "drop_edges_50": {
    "ablation_type": "drop_edges_50",
    "kappa": 0.48069887217387886,
    "mad": 0.3845003545284271,
    "mape": 51.806724071502686,
    "mse": 0.2521573007106781,
    "msle": 0.04820442572236061,
    "r2": 0.4167064366156876,
    "tot_loss": NaN,
    "n_samples": 9803,
    "time_seconds": 2.5725250244140625
  },
  "drop_edges_70": {
    "ablation_type": "drop_edges_70",
    "kappa": 0.4800116937192881,
    "mad": 0.38453978300094604,
    "mape": 51.82861089706421,
    "mse": 0.25215861201286316,
    "msle": 0.04821149632334709,
    "r2": 0.4167034156053455,
    "tot_loss": NaN,
    "n_samples": 9803,
    "time_seconds": 2.493756055831909
  },
  "static_only": {
    "ablation_type": "static_only",
    "kappa": 0.0014614481294179527,
    "mad": 0.9817670583724976,
    "mape": 80.00011444091797,
    "mse": 1.4235713481903076,
    "msle": 0.4046843945980072,
    "r2": -2.293023670155605,
    "tot_loss": NaN,
    "n_samples": 9803,
    "time_seconds": 0.0852510929107666
  },
  "no_static": {
    "ablation_type": "no_static",
    "kappa": 0.0,
    "mad": 0.8189207315444946,
    "mape": 62.984710931777954,
    "mse": 1.0871729850769043,
    "msle": 0.24670171737670898,
    "r2": -1.5148626428834397,
    "tot_loss": NaN,
    "n_samples": 9803,
    "time_seconds": 2.5533430576324463
  },
  "fixed_lambda": {
    "ablation_type": "fixed_lambda",
    "kappa": 0.4795877344552937,
    "mad": 0.3845394551753998,
    "mape": 51.735031604766846,
    "mse": 0.2521374821662903,
    "msle": 0.04820273816585541,
    "r2": 0.4167522657696675,
    "tot_loss": NaN,
    "n_samples": 9803,
    "time_seconds": 2.5485541820526123
  },
  "fuse_weighted": {
    "ablation_type": "fuse_weighted",
    "kappa": 0.4918570057290278,
    "mad": 0.3838171660900116,
    "mape": 50.98236799240112,
    "mse": 0.2530801296234131,
    "msle": 0.04833933711051941,
    "r2": 0.414571781971942,
    "tot_loss": NaN,
    "n_samples": 9803,
    "time_seconds": 2.5512962341308594
  },
  "drop_edges": {
    "ablation_type": "drop_edges",
    "kappa": 0.4790846208497517,
    "mad": 0.3845274746417999,
    "mape": 51.82502269744873,
    "mse": 0.252119779586792,
    "msle": 0.04820101708173752,
    "r2": 0.4167931984055161,
    "tot_loss": NaN,
    "n_samples": 9803,
    "time_seconds": 2.5098705291748047
  },
  "zero_edges": {
    "ablation_type": "zero_edges",
    "kappa": 0.4814127317385697,
    "mad": 0.384431391954422,
    "mape": 51.640868186950684,
    "mse": 0.2523474097251892,
    "msle": 0.04820197820663452,
    "r2": 0.4162666565022698,
    "tot_loss": NaN,
    "n_samples": 9803,
    "time_seconds": 2.4017367362976074
  }
}