{
  "ablation_type": "baseline",
  "kappa": 0.47981284227461907,
  "mad": 0.38449808955192566,
  "mape": 51.803356409072876,
  "mse": 0.2521441876888275,
  "msle": 0.0482046939432621,
  "r2": 0.41673683204994305,
  "tot_loss": NaN,
  "n_samples": 9803,
  "time_seconds": 3.6131725311279297
}