{
  "ablation_type": "drop_edges_70",
  "kappa": 0.4800116937192881,
  "mad": 0.38453978300094604,
  "mape": 51.82861089706421,
  "mse": 0.25215861201286316,
  "msle": 0.04821149632334709,
  "r2": 0.4167034156053455,
  "tot_loss": NaN,
  "n_samples": 9803,
  "time_seconds": 2.493756055831909
}