{
  "ablation_type": "drop_edges_30",
  "kappa": 0.47942633362280895,
  "mad": 0.38452473282814026,
  "mape": 51.80755257606506,
  "mse": 0.25215381383895874,
  "msle": 0.048205483704805374,
  "r2": 0.4167144713120263,
  "tot_loss": NaN,
  "n_samples": 9803,
  "time_seconds": 2.589308977127075
}