{
  "ablation_type": "drop_edges",
  "kappa": 0.4790846208497517,
  "mad": 0.3845274746417999,
  "mape": 51.82502269744873,
  "mse": 0.252119779586792,
  "msle": 0.04820101708173752,
  "r2": 0.4167931984055161,
  "tot_loss": NaN,
  "n_samples": 9803,
  "time_seconds": 2.5098705291748047
}