{
  "ablation_type": "drop_edges_50",
  "kappa": 0.48069887217387886,
  "mad": 0.3845003545284271,
  "mape": 51.806724071502686,
  "mse": 0.2521573007106781,
  "msle": 0.04820442572236061,
  "r2": 0.4167064366156876,
  "tot_loss": NaN,
  "n_samples": 9803,
  "time_seconds": 2.5725250244140625
}