{
  "ablation_type": "edge_type_only",
  "kappa": 0.4806165478993357,
  "mad": 0.38453030586242676,
  "mape": 51.81099772453308,
  "mse": 0.25214600563049316,
  "msle": 0.04820522665977478,
  "r2": 0.41673252899430757,
  "tot_loss": NaN,
  "n_samples": 9803,
  "time_seconds": 2.4836478233337402
}