{
  "ablation_type": "edge_weight_only",
  "kappa": 0.4802775451533362,
  "mad": 0.3845537006855011,
  "mape": 51.765841245651245,
  "mse": 0.2521970868110657,
  "msle": 0.048211369663476944,
  "r2": 0.4166143752336452,
  "tot_loss": NaN,
  "n_samples": 9803,
  "time_seconds": 2.5141124725341797
}