{
  "ablation_type": "fixed_lambda",
  "kappa": 0.4795877344552937,
  "mad": 0.3845394551753998,
  "mape": 51.735031604766846,
  "mse": 0.2521374821662903,
  "msle": 0.04820273816585541,
  "r2": 0.4167522657696675,
  "tot_loss": NaN,
  "n_samples": 9803,
  "time_seconds": 2.5485541820526123
}