{
  "ablation_type": "full48h",
  "kappa": 0.4791731824602511,
  "mad": 0.3845162093639374,
  "mape": 51.81022882461548,
  "mse": 0.2521955370903015,
  "msle": 0.0482163242995739,
  "r2": 0.4166179179361632,
  "tot_loss": NaN,
  "n_samples": 9803,
  "time_seconds": 2.513514757156372
}