{
  "ablation_type": "fuse_weighted",
  "kappa": 0.4918570057290278,
  "mad": 0.3838171660900116,
  "mape": 50.98236799240112,
  "mse": 0.2530801296234131,
  "msle": 0.04833933711051941,
  "r2": 0.414571781971942,
  "tot_loss": NaN,
  "n_samples": 9803,
  "time_seconds": 2.5512962341308594
}