{
  "ablation_type": "last24h",
  "kappa": 0.4607501272733211,
  "mad": 0.435921847820282,
  "mape": 53.36077809333801,
  "mse": 0.3347699046134949,
  "msle": 0.07567983865737915,
  "r2": 0.2256058532862687,
  "tot_loss": NaN,
  "n_samples": 9803,
  "time_seconds": 2.5177414417266846
}