{
  "ablation_type": "last6h",
  "kappa": 0.31056379541357315,
  "mad": 0.7270914912223816,
  "mape": 67.05793738365173,
  "mse": 0.8054858446121216,
  "msle": 0.2433960735797882,
  "r2": -0.8632603545999495,
  "tot_loss": NaN,
  "n_samples": 9803,
  "time_seconds": 2.4708080291748047
}