{
  "ablation_type": "no_attn_bias",
  "kappa": 0.4799295202933286,
  "mad": 0.3844923675060272,
  "mape": 51.80932283401489,
  "mse": 0.2521383762359619,
  "msle": 0.04820087552070618,
  "r2": 0.4167502269615142,
  "tot_loss": NaN,
  "n_samples": 9803,
  "time_seconds": 2.4924943447113037
}