{
  "ablation_type": "no_edge_attr",
  "kappa": 0.47985622451019505,
  "mad": 0.38450324535369873,
  "mape": 51.81230902671814,
  "mse": 0.25213247537612915,
  "msle": 0.048201579600572586,
  "r2": 0.4167638504662965,
  "tot_loss": NaN,
  "n_samples": 9803,
  "time_seconds": 2.488417625427246
}