{
  "ablation_type": "no_static",
  "kappa": 0.0,
  "mad": 0.8189207315444946,
  "mape": 62.984710931777954,
  "mse": 1.0871729850769043,
  "msle": 0.24670171737670898,
  "r2": -1.5148626428834397,
  "tot_loss": NaN,
  "n_samples": 9803,
  "time_seconds": 2.5533430576324463
}