{
  "ablation_type": "static_only",
  "kappa": 0.0014614481294179527,
  "mad": 0.9817670583724976,
  "mape": 80.00011444091797,
  "mse": 1.4235713481903076,
  "msle": 0.4046843945980072,
  "r2": -2.293023670155605,
  "tot_loss": NaN,
  "n_samples": 9803,
  "time_seconds": 0.0852510929107666
}