{
  "ablation_type": "zero_edges",
  "kappa": 0.4814127317385697,
  "mad": 0.384431391954422,
  "mape": 51.640868186950684,
  "mse": 0.2523474097251892,
  "msle": 0.04820197820663452,
  "r2": 0.4162666565022698,
  "tot_loss": NaN,
  "n_samples": 9803,
  "time_seconds": 2.4017367362976074
}