k_diag,1,3
1,5.0141855617102607e-05,0.00011128141256849617
3,8.71526029079763e-05,0.00014825000692209777
5,0.00012306269017007849,0.00018412730856632166
