k_diag,1,3
1,5.023552881104061e-05,0.00011137508576243417
3,8.72462761019143e-05,0.00014834368011603575
5,0.0001231563633640165,0.00018422098176025964
