k_diag,1,3
1,4.99362429564087e-05,0.00011108657232510513
3,8.742472353636619e-05,0.00014853477343166927
5,0.00012517408396144102,0.00018625275333677488
