k_diag,1,3
1,5.265885433821668e-05,0.0001138283867116704
3,9.697376892640597e-05,0.00015813861764016278
5,0.00013783120592634365,0.00019898902915055513
