k_diag,1,3
1,5.0028042686467936e-05,0.00011118024551904313
3,8.751652326642544e-05,0.00014862844662560728
5,0.000125267757155379,0.00018634642653071287
