k_diag,1,3
1,5.256518114427868e-05,0.0001137347135177324
3,9.688009573246797e-05,0.0001580449444462248
5,0.00013773753273240566,0.0001988953559566171
