k_diag,1,3
1,0.40522491931915283,0.4158588647842407
3,0.4188224673271179,0.3806343674659729
5,0.4213278889656067,0.4189907908439636
