k_diag,1,3
1,0.4121416211128235,0.42040491104125977
3,0.4160979390144348,0.40341782569885254
5,0.4177480936050415,0.41904670000076294
