k_diag,1,3
1,0.4169313907623291,0.4099147915840149
3,0.4139413833618164,0.4166460633277893
5,0.4238966703414917,0.40533822774887085
