k_diag,1,3
1,0.4193164110183716,0.42065227031707764
3,0.4174691438674927,0.4188435673713684
5,0.41846245527267456,0.42111945152282715
