k_diag,1,3
1,0.41961514949798584,0.41800862550735474
3,0.41839146614074707,0.4288606643676758
5,0.40960264205932617,0.40879446268081665
