k_diag,1,3
1,0.4070284366607666,0.41501039266586304
3,0.42567700147628784,0.4161231517791748
5,0.41827094554901123,0.4219377040863037
