k_diag,1,3
1,0.42267560958862305,0.4096156358718872
3,0.4171597957611084,0.42637163400650024
5,0.42567527294158936,0.4163055419921875
