k_diag,1,3
1,0.41603249311447144,0.40579622983932495
3,0.4192233681678772,0.4199037551879883
5,0.4237792491912842,0.42223042249679565
