k_diag,1,3
1,0.41583430767059326,0.4226919412612915
3,0.4150853157043457,0.4234030842781067
5,0.4233383536338806,0.4142131209373474
